,length,variable,value,mean,std,target
0,12,TGATGGCAGAGGAAAGGAAGCCCTGCTTCCTCCA,"[-13.722900007247924, 2.0038626290939137]",-13.722900007247924,2.0038626290939137,HEK3
1,13,TGATGGCAGAGGAAAGGAAGCCCTGCTTCCTCCA,"[-13.985000024795532, 2.0744529253651995]",-13.985000024795532,2.0744529253651995,HEK3
2,18,TGATGGCAGAGGAAAGGAAGCCCTGCTTCCTCCA,"[-15.217800013542176, 2.3626009525255327]",-15.217800013542176,2.3626009525255327,HEK3
