,length,RTT,target,length_insertRTT,mean,std
0,18,TGATGGCAGAGGAAA,HEK3-S1,33,-5.174399998269975,2.5545928514988696
1,18,TTCTGGCCTCAGTTT,HEK3-S2,33,-4.953800008535385,2.882985536232484
2,18,GAAAGGACATAACAA,HEK3-S3,33,-3.0740999980568886,2.1430023758336003
3,18,CTTTGGGGTTTTCCA,HEK3-S4,33,-5.714600000500679,2.4709000160911505
4,18,AAGTGGCTTTGGAGT,HEK3-S5,33,-5.60139999987185,2.513081387959942
5,18,TTTGGGCAGGAGATG,HEK3-S6,33,-5.517200006969273,2.7285901494584497
